insert into Grupo
values ('A','Brasil','México','Croacia','Camerún'),
('B','Holanda','Chile','Australia','España'),
('C','Colombia','Costa de Marfíl','Japón','Grecia'),
('D','Costa Rica','Italia','Uruguay','Inglaterra'),
('E','Francia','Ecuador','Suiza','Honduras'),
('F','Argentina','Nigeria','Irán','Bosnia'),
('G','Alemania','Estados Unidos','Ghana','Portugal'),
('H','Bélgica','Corea del Sur','Rusia','Argelia');

insert into Equipos
values ('Brasil',1,0,0,0,0,0,0,0,0,'A'),
('México',2,0,0,0,0,0,0,0,0,'A'),
('Croacia',3,0,0,0,0,0,0,0,0,'A'),
('Camerún',4,0,0,0,0,0,0,0,0,'A'),
('Holanda',1,0,0,0,0,0,0,0,0,'B'),
('Chile',2,0,0,0,0,0,0,0,0,'B'),
('Australia',3,0,0,0,0,0,0,0,0,'B'),
('España',4,0,0,0,0,0,0,0,0,'B'),
('Colombia',1,0,0,0,0,0,0,0,0,'C'),
('Costa de Marfíl',2,0,0,0,0,0,0,0,0,'C'),
('Japón',3,0,0,0,0,0,0,0,0,'C'),
('Grecia',4,0,0,0,0,0,0,0,0,'C'),
('Costa Rica',1,0,0,0,0,0,0,0,0,'D'),
('Italia',2,0,0,0,0,0,0,0,0,'D'),
('Uruguay',3,0,0,0,0,0,0,0,0,'D'),
('Inglaterra',4,0,0,0,0,0,0,0,0,'D'),
('Francia',1,0,0,0,0,0,0,0,0,'E'),
('Ecuador',2,0,0,0,0,0,0,0,0,'E'),
('Suiza',3,0,0,0,0,0,0,0,0,'E'),
('Honduras',4,0,0,0,0,0,0,0,0,'E'),
('Argentina',1,0,0,0,0,0,0,0,0,'F'),
('Nigeria',2,0,0,0,0,0,0,0,0,'F'),
('Irán',3,0,0,0,0,0,0,0,0,'F'),
('Bosnia',4,0,0,0,0,0,0,0,0,'F'),
('Alemania',1,0,0,0,0,0,0,0,0,'G'),
('Estados Unidos',2,0,0,0,0,0,0,0,0,'G'),
('Ghana',3,0,0,0,0,0,0,0,0,'G'),
('Portugal',4,0,0,0,0,0,0,0,0,'G'),
('Bélgica',1,0,0,0,0,0,0,0,0,'H'),
('Corea del Sur',2,0,0,0,0,0,0,0,0,'H'),
('Rusia',3,0,0,0,0,0,0,0,0,'H'),
('Argelia',4,0,0,0,0,0,0,0,0,'H');

insert into CalendarioPartidos
values (1,1,'Brasil','Croacia','A',0,0),
(2,2,'México','Camerún','A',0,0),
(3,1,'España','Holanda','B',0,0),
(4,2,'Chile','Australia','B',0,0),
(5,1,'Colombia','Grecia','C',0,0),
(6,1,'Uruguay','Costa Rica','D',0,0),
(7,2,'Inglaterra','Italia','D',0,0),
(8,2,'Costa de Marfíl','Japón','C',0,0),
(9,1,'Suiza','Ecuador','E',0,0),
(10,2,'Francia','Honduras','E',0,0),
(11,1,'Argentina','Bosnia','F',0,0),
(12,1,'Alemania','Portugal','G',0,0),
(13,2,'Irán','Nigeria','F',0,0),
(14,2,'Ghana','Estados Unidos','G',0,0),
(15,1,'Bélgica','Argelia','H',0,0),
(16,3,'Brasil','México','A',0,0),
(17,2,'Rusia','Corea del Sur','H',0,0),
(18,3,'Australia','Holanda','B',0,0),
(19,4,'España','Chile','B',0,0),
(20,4,'Camerún','Croacia','A',0,0),
(21,3,'Colombia','Costa de Marfíl','C',0,0),
(22,3,'Uruguay','Inglaterra','D',0,0),
(23,4,'Japón','Grecia','C',0,0),
(24,4,'Italia','Costa Rica','D',0,0),
(25,3,'Suiza','Francia','E',0,0),
(26,4,'Honduras','Ecuador','E',0,0),
(27,3,'Argentina','Irán','F',0,0),
(28,3,'Alemania','Ghana','G',0,0),
(29,4,'Nigeria','Bosnia','F',0,0),
(30,3,'Bélgica','Rusia','H',0,0),
(31,4,'Corea del Sur','Argelia','H',0,0),
(32,4,'Estados Unidos','Portugal','G',0,0),
(33,5,'Australia','España','B',0,0),
(34,6,'Holanda','Chile','B',0,0),
(35,5,'Camerún','Brasil','A',0,0),
(36,6,'Croacia','México','A',0,0),
(37,5,'Costa Rica','Inglaterra','D',0,0),
(38,6,'Italia','Uruguay','D',0,0),
(39,5,'Grecia','Costa de Marfíl','C',0,0),
(40,6,'Japón','Colombia','C',0,0),
(41,5,'Nigeria','Argentina','F',0,0),
(42,6,'Bosnia','Irán','F',0,0),
(43,5,'Honduras','Suiza','E',0,0),
(44,6,'Ecuador','Francia','E',0,0),
(45,5,'Estados Unidos','Alemania','G',0,0),
(46,6,'Portugal','Ghana','G',0,0),
(47,5,'Argelia','Rusia','H',0,0),
(48,6,'Corea del Sur','Bélgica','H',0,0);
