insert into Grupo
values ('A','Brasil','México','Croacia','Camerún'),
('B','Holanda','Chile','Australia','España'),
('C','Colombia','Costa de Marfíl','Japón','Grecia'),
('D','Costa Rica','Italia','Uruguay','Inglaterra'),
('E','Francia','Ecuador','Suiza','Honduras'),
('F','Argentina','Nigeria','Irán','Bosnia'),
('G','Alemania','Estados Unidos','Ghana','Portugal'),
('H','Bélgica','Corea del Sur','Rusia','Argelia');

insert into Equipos
values ('Brasil',1,0,0,0,0,0,0,0,0,'A'),
('México',2,0,0,0,0,0,0,0,0,'A'),
('Croacia',3,0,0,0,0,0,0,0,0,'A'),
('Camerún',4,0,0,0,0,0,0,0,0,'A'),
('Holanda',1,0,0,0,0,0,0,0,0,'B'),
('Chile',2,0,0,0,0,0,0,0,0,'B'),
('Australia',3,0,0,0,0,0,0,0,0,'B'),
('España',4,0,0,0,0,0,0,0,0,'B'),
('Colombia',1,0,0,0,0,0,0,0,0,'C'),
('Costa de Marfíl',2,0,0,0,0,0,0,0,0,'C'),
('Japón',3,0,0,0,0,0,0,0,0,'C'),
('Grecia',4,0,0,0,0,0,0,0,0,'C'),
('Costa Rica',1,0,0,0,0,0,0,0,0,'D'),
('Italia',2,0,0,0,0,0,0,0,0,'D'),
('Uruguay',3,0,0,0,0,0,0,0,0,'D'),
('Inglaterra',4,0,0,0,0,0,0,0,0,'D'),
('Francia',1,0,0,0,0,0,0,0,0,'E'),
('Ecuador',2,0,0,0,0,0,0,0,0,'E'),
('Suiza',3,0,0,0,0,0,0,0,0,'E'),
('Honduras',4,0,0,0,0,0,0,0,0,'E'),
('Argentina',1,0,0,0,0,0,0,0,0,'F'),
('Nigeria',2,0,0,0,0,0,0,0,0,'F'),
('Irán',3,0,0,0,0,0,0,0,0,'F'),
('Bosnia',4,0,0,0,0,0,0,0,0,'F'),
('Alemania',1,0,0,0,0,0,0,0,0,'G'),
('Estados Unidos',2,0,0,0,0,0,0,0,0,'G'),
('Ghana',3,0,0,0,0,0,0,0,0,'G'),
('Portugal',4,0,0,0,0,0,0,0,0,'G'),
('Bélgica',1,0,0,0,0,0,0,0,0,'H'),
('Corea del Sur',2,0,0,0,0,0,0,0,0,'H'),
('Rusia',3,0,0,0,0,0,0,0,0,'H'),
('Argelia',4,0,0,0,0,0,0,0,0,'H');

insert into CalendarioPartidos
values (1,1,'Brasil','Croacia','A',0,0),
(2,2,'México','Camerún','A',0,0),
(3,3,'Brasil','México','A',0,0),
(4,4,'Camerún','Croacia','A',0,0),
(5,5,'Camerún','Brasil','A',0,0),
(6,6,'Croacia','México','A',0,0),
(7,1,'España','Holanda','B',0,0),
(8,2,'Chile','Australia','B',0,0),
(9,3,'Australia','Holanda','B',0,0),
(10,4,'España','Chile','B',0,0),
(11,5,'Australia','España','B',0,0),
(12,6,'Holanda','Chile','B',0,0),
(13,1,'Colombia','Grecia','C',0,0),
(14,2,'Costa de Marfíl','Japón','C',0,0),
(15,3,'Colombia','Costa de Marfíl','C',0,0),
(16,4,'Japón','Grecia','C',0,0),
(17,5,'Grecia','Costa de Marfíl','C',0,0),
(18,6,'Japón','Colombia','C',0,0),
(19,1,'Uruguay','Costa Rica','D',0,0),
(20,2,'Inglaterra','Italia','D',0,0),
(21,3,'Uruguay','Inglaterra','D',0,0),
(22,4,'Italia','Costa Rica','D',0,0),
(23,5,'Costa Rica','Inglaterra','D',0,0),
(24,6,'Italia','Uruguay','D',0,0),
(25,1,'Suiza','Ecuador','E',0,0),
(26,2,'Francia','Honduras','E',0,0),
(27,3,'Suiza','Francia','E',0,0),
(28,4,'Honduras','Ecuador','E',0,0),
(29,5,'Honduras','Suiza','E',0,0),
(30,6,'Ecuador','Francia','E',0,0),
(31,1,'Argentina','Bosnia','F',0,0),
(32,2,'Irán','Nigeria','F',0,0),
(33,3,'Argentina','Irán','F',0,0),
(34,4,'Nigeria','Bosnia','F',0,0),
(35,5,'Nigeria','Argentina','F',0,0),
(36,6,'Bosnia','Irán','F',0,0),
(37,1,'Alemania','Portugal','G',0,0),
(38,2,'Ghana','Estados Unidos','G',0,0),
(39,3,'Alemania','Ghana','G',0,0),
(40,4,'Estados Unidos','Portugal','G',0,0),
(41,5,'Estados Unidos','Alemania','G',0,0),
(42,6,'Portugal','Ghana','G',0,0),
(43,1,'Bélgica','Argelia','H',0,0),
(44,2,'Rusia','Corea del Sur','H',0,0),
(45,3,'Bélgica','Rusia','H',0,0),
(46,4,'Corea del Sur','Argelia','H',0,0),
(47,5,'Argelia','Rusia','H',0,0),
(48,6,'Corea del Sur','Bélgica','H',0,0);
